Workbook

Sheet SIPARIS - ORDER
A1: NAVIPACK LLC SIPARIS & HACIM HESAPLAMA ORDER & VOLUME CALCULATOR (v3) | F1: MUSTERI / CUSTOMER: | L1: TOPLAM HACIM m3 | N1: =Q30 | P1: TIR DOLULUK % | R1: =IF($G$3=0,0,Q30/$G$3)
F2: TARIH / DATE: | G2: =TODAY()
F3: TIR KAPASITESI (m3): | G3: 90 | L3: GEREKEN TIR ADEDI | N3: =IF($G$3=0,0,CEILING(Q30/$G$3,1)) | P3: TOPLAM TUTAR USD | R3: =R30
A6: NO | B6: URUN / PRODUCT | C6: RENK / COLOUR | D6: YUKLEME TIPI | E6: ADET/KOLI (pcs/box) | F6: KOLI HACMI m3 | G6: KOLI NET kg | H6: KOLI/SIRA (box/layer) | I6: SIRA/PALET (layer/pal) | J6: KOLI/PALET (box/pal) | K6: FIYAT/1000 USD | L6: SIPARIS (KOLI) *** | M6: SIPARIS (ADET) | N6: PALET (esdeger) | O6: TAM SIRA (rows) | P6: NET AGIRLIK kg | Q6: HACIM m3 | R6: TUTAR USD | S6: AILE
A7: 1 | B7: PREMIUM FORK | C7: TRANSPARENT | D7: PALET | E7: 4000 | F7: 0.046 | G7: =E7*2.8/1000 | H7: 7 | I7: 10 | J7: =IF(OR(H7="",I7=""),0,H7*I7) | K7: 7.5 | L7: 0 | M7: =L7*E7 | N7: =IF(D7="DOKME",0,IF(J7=0,0,L7/J7)) | O7: =IF(D7="DOKME",0,IF(H7=0,0,L7/H7)) | P7: =L7*G7 | Q7: =L7*F7 | R7: =IF(K7="",0,M7/1000*K7) | S7: PREMIUM
A8: 2 | B8: PREMIUM FORK | C8: BLACK | D8: PALET | E8: 4000 | F8: 0.046 | G8: =E8*2.8/1000 | H8: 7 | I8: 10 | J8: =IF(OR(H8="",I8=""),0,H8*I8) | K8: 7.5 | L8: 0 | M8: =L8*E8 | N8: =IF(D8="DOKME",0,IF(J8=0,0,L8/J8)) | O8: =IF(D8="DOKME",0,IF(H8=0,0,L8/H8)) | P8: =L8*G8 | Q8: =L8*F8 | R8: =IF(K8="",0,M8/1000*K8) | S8: PREMIUM
A9: 3 | B9: PREMIUM SPOON | C9: TRANSPARENT | D9: PALET | E9: 4000 | F9: 0.056 | G9: =E9*2.8/1000 | H9: 7 | I9: 8 | J9: =IF(OR(H9="",I9=""),0,H9*I9) | K9: 7.5 | L9: 0 | M9: =L9*E9 | N9: =IF(D9="DOKME",0,IF(J9=0,0,L9/J9)) | O9: =IF(D9="DOKME",0,IF(H9=0,0,L9/H9)) | P9: =L9*G9 | Q9: =L9*F9 | R9: =IF(K9="",0,M9/1000*K9) | S9: PREMIUM
A10: 4 | B10: PREMIUM SPOON | C10: BLACK | D10: PALET | E10: 4000 | F10: 0.056 | G10: =E10*2.8/1000 | H10: 7 | I10: 8 | J10: =IF(OR(H10="",I10=""),0,H10*I10) | K10: 7.5 | L10: 0 | M10: =L10*E10 | N10: =IF(D10="DOKME",0,IF(J10=0,0,L10/J10)) | O10: =IF(D10="DOKME",0,IF(H10=0,0,L10/H10)) | P10: =L10*G10 | Q10: =L10*F10 | R10: =IF(K10="",0,M10/1000*K10) | S10: PREMIUM
A11: 5 | B11: PREMIUM KNIFE | C11: TRANSPARENT | D11: PALET | E11: 4000 | F11: 0.035 | G11: =E11*2.8/1000 | H11: 7 | I11: 11 | J11: =IF(OR(H11="",I11=""),0,H11*I11) | K11: 7.5 | L11: 0 | M11: =L11*E11 | N11: =IF(D11="DOKME",0,IF(J11=0,0,L11/J11)) | O11: =IF(D11="DOKME",0,IF(H11=0,0,L11/H11)) | P11: =L11*G11 | Q11: =L11*F11 | R11: =IF(K11="",0,M11/1000*K11) | S11: PREMIUM
A12: 6 | B12: PREMIUM KNIFE | C12: BLACK | D12: PALET | E12: 4000 | F12: 0.035 | G12: =E12*2.8/1000 | H12: 7 | I12: 11 | J12: =IF(OR(H12="",I12=""),0,H12*I12) | K12: 7.5 | L12: 0 | M12: =L12*E12 | N12: =IF(D12="DOKME",0,IF(J12=0,0,L12/J12)) | O12: =IF(D12="DOKME",0,IF(H12=0,0,L12/H12)) | P12: =L12*G12 | Q12: =L12*F12 | R12: =IF(K12="",0,M12/1000*K12) | S12: PREMIUM
A13: 7 | B13: PREMIUM DESSERT SPOON | C13: TRANSPARENT | D13: PALET | E13: 4000 | F13: 0.036 | G13: =E13*2.5/1000 | H13: 7 | I13: 9 | J13: =IF(OR(H13="",I13=""),0,H13*I13) | K13: 7.25 | L13: 0 | M13: =L13*E13 | N13: =IF(D13="DOKME",0,IF(J13=0,0,L13/J13)) | O13: =IF(D13="DOKME",0,IF(H13=0,0,L13/H13)) | P13: =L13*G13 | Q13: =L13*F13 | R13: =IF(K13="",0,M13/1000*K13) | S13: PREMIUM
A14: 8 | B14: PREMIUM DESSERT SPOON | C14: BLACK | D14: PALET | E14: 4000 | F14: 0.036 | G14: =E14*2.5/1000 | H14: 7 | I14: 9 | J14: =IF(OR(H14="",I14=""),0,H14*I14) | K14: 7.25 | L14: 0 | M14: =L14*E14 | N14: =IF(D14="DOKME",0,IF(J14=0,0,L14/J14)) | O14: =IF(D14="DOKME",0,IF(H14=0,0,L14/H14)) | P14: =L14*G14 | Q14: =L14*F14 | R14: =IF(K14="",0,M14/1000*K14) | S14: PREMIUM
A15: 9 | B15: DIAMOND FORK | C15: TRANSPARENT | D15: PALET | E15: 2000 | F15: 0.024 | G15: =E15*3.8/1000 | H15: 12 | I15: 10 | J15: =IF(OR(H15="",I15=""),0,H15*I15) | K15: 10 | L15: 0 | M15: =L15*E15 | N15: =IF(D15="DOKME",0,IF(J15=0,0,L15/J15)) | O15: =IF(D15="DOKME",0,IF(H15=0,0,L15/H15)) | P15: =L15*G15 | Q15: =L15*F15 | R15: =IF(K15="",0,M15/1000*K15) | S15: DIAMOND
A16: 10 | B16: DIAMOND FORK | C16: BLACK | D16: PALET | E16: 2000 | F16: 0.024 | G16: =E16*3.8/1000 | H16: 12 | I16: 10 | J16: =IF(OR(H16="",I16=""),0,H16*I16) | K16: 10 | L16: 0 | M16: =L16*E16 | N16: =IF(D16="DOKME",0,IF(J16=0,0,L16/J16)) | O16: =IF(D16="DOKME",0,IF(H16=0,0,L16/H16)) | P16: =L16*G16 | Q16: =L16*F16 | R16: =IF(K16="",0,M16/1000*K16) | S16: DIAMOND
A17: 11 | B17: DIAMOND SPOON | C17: TRANSPARENT | D17: PALET | E17: 2000 | F17: 0.031 | G17: =E17*3.8/1000 | H17: 12 | I17: 8 | J17: =IF(OR(H17="",I17=""),0,H17*I17) | K17: 10 | L17: 0 | M17: =L17*E17 | N17: =IF(D17="DOKME",0,IF(J17=0,0,L17/J17)) | O17: =IF(D17="DOKME",0,IF(H17=0,0,L17/H17)) | P17: =L17*G17 | Q17: =L17*F17 | R17: =IF(K17="",0,M17/1000*K17) | S17: DIAMOND
A18: 12 | B18: DIAMOND SPOON | C18: BLACK | D18: PALET | E18: 2000 | F18: 0.031 | G18: =E18*3.8/1000 | H18: 12 | I18: 8 | J18: =IF(OR(H18="",I18=""),0,H18*I18) | K18: 10 | L18: 0 | M18: =L18*E18 | N18: =IF(D18="DOKME",0,IF(J18=0,0,L18/J18)) | O18: =IF(D18="DOKME",0,IF(H18=0,0,L18/H18)) | P18: =L18*G18 | Q18: =L18*F18 | R18: =IF(K18="",0,M18/1000*K18) | S18: DIAMOND
A19: 13 | B19: DIAMOND KNIFE | C19: TRANSPARENT | D19: PALET | E19: 2000 | F19: 0.02 | G19: =E19*3.8/1000 | H19: 12 | I19: 12 | J19: =IF(OR(H19="",I19=""),0,H19*I19) | K19: 10 | L19: 0 | M19: =L19*E19 | N19: =IF(D19="DOKME",0,IF(J19=0,0,L19/J19)) | O19: =IF(D19="DOKME",0,IF(H19=0,0,L19/H19)) | P19: =L19*G19 | Q19: =L19*F19 | R19: =IF(K19="",0,M19/1000*K19) | S19: DIAMOND
A20: 14 | B20: DIAMOND KNIFE | C20: BLACK | D20: PALET | E20: 2000 | F20: 0.02 | G20: =E20*3.8/1000 | H20: 12 | I20: 12 | J20: =IF(OR(H20="",I20=""),0,H20*I20) | K20: 10 | L20: 0 | M20: =L20*E20 | N20: =IF(D20="DOKME",0,IF(J20=0,0,L20/J20)) | O20: =IF(D20="DOKME",0,IF(H20=0,0,L20/H20)) | P20: =L20*G20 | Q20: =L20*F20 | R20: =IF(K20="",0,M20/1000*K20) | S20: DIAMOND
A21: 15 | B21: SMART FORK | C21: TRANSPARENT / BLACK | D21: PALET | E21: 2000 | F21: 0.025 | G21: =E21*3.7/1000 | H21: 12 | I21: 10 | J21: =IF(OR(H21="",I21=""),0,H21*I21) | K21: 9.75 | L21: 0 | M21: =L21*E21 | N21: =IF(D21="DOKME",0,IF(J21=0,0,L21/J21)) | O21: =IF(D21="DOKME",0,IF(H21=0,0,L21/H21)) | P21: =L21*G21 | Q21: =L21*F21 | R21: =IF(K21="",0,M21/1000*K21) | S21: SMART
A22: 16 | B22: WAVY ICE CREAM SPOON | C22: COLORED (RED/BLUE/GREEN/ORANGE) | D22: PALET | E22: 2000 | F22: 0.025 | G22: =E22*2.4/1000 | H22: 9 | I22: 9 | J22: =IF(OR(H22="",I22=""),0,H22*I22) | K22: 8.5 | L22: 0 | M22: =L22*E22 | N22: =IF(D22="DOKME",0,IF(J22=0,0,L22/J22)) | O22: =IF(D22="DOKME",0,IF(H22=0,0,L22/H22)) | P22: =L22*G22 | Q22: =L22*F22 | R22: =IF(K22="",0,M22/1000*K22) | S22: ICE CREAM
A23: 17 | B23: 120 CC CHAMPAGNE GLASS | C23: TRANSPARENT (FOOT COLORED) | D23: PALET | E23: 300 | F23: 0.053 | G23: =E23*12.5/1000 | H23: 6 | I23: 6 | J23: =IF(OR(H23="",I23=""),0,H23*I23) | K23: 100 | L23: 0 | M23: =L23*E23 | N23: =IF(D23="DOKME",0,IF(J23=0,0,L23/J23)) | O23: =IF(D23="DOKME",0,IF(H23=0,0,L23/H23)) | P23: =L23*G23 | Q23: =L23*F23 | R23: =IF(K23="",0,M23/1000*K23) | S23: GLASS
A24: 18 | B24: 170 CC MINI WINE GLASS | C24: TRANSPARENT (FOOT COLORED) | D24: PALET | E24: 300 | F24: 0.049 | G24: =E24*12.5/1000 | H24: 6 | I24: 10 | J24: =IF(OR(H24="",I24=""),0,H24*I24) | K24: 100 | L24: 0 | M24: =L24*E24 | N24: =IF(D24="DOKME",0,IF(J24=0,0,L24/J24)) | O24: =IF(D24="DOKME",0,IF(H24=0,0,L24/H24)) | P24: =L24*G24 | Q24: =L24*F24 | R24: =IF(K24="",0,M24/1000*K24) | S24: GLASS
A25: 19 | B25: 185 CC WINE GLASS | C25: TRANSPARENT (FOOT COLORED) | D25: PALET | E25: 300 | F25: 0.067 | G25: =E25*14.5/1000 | H25: 6 | I25: 7 | J25: =IF(OR(H25="",I25=""),0,H25*I25) | K25: 110 | L25: 0 | M25: =L25*E25 | N25: =IF(D25="DOKME",0,IF(J25=0,0,L25/J25)) | O25: =IF(D25="DOKME",0,IF(H25=0,0,L25/H25)) | P25: =L25*G25 | Q25: =L25*F25 | R25: =IF(K25="",0,M25/1000*K25) | S25: GLASS
A26: 20 | B26: PIZZA TRIPOD | C26: WHITE | D26: PALET | E26: 1000 | F26: 0.027 | G26: =E26*1.85/1000 | H26: 9 | I26: 11 | J26: =IF(OR(H26="",I26=""),0,H26*I26) | K26: 8.5 | L26: 0 | M26: =L26*E26 | N26: =IF(D26="DOKME",0,IF(J26=0,0,L26/J26)) | O26: =IF(D26="DOKME",0,IF(H26=0,0,L26/H26)) | P26: =L26*G26 | Q26: =L26*F26 | R26: =IF(K26="",0,M26/1000*K26) | S26: PIZZA
A27: 21 | B27: PANDA ICE CREAM SPOON | C27: WHITE | D27: PALET | E27: 8000 | F27: 0.047 | G27: =E27*0.9/1000 | H27: 7 | I27: 10 | J27: =IF(OR(H27="",I27=""),0,H27*I27) | L27: 0 | M27: =L27*E27 | N27: =IF(D27="DOKME",0,IF(J27=0,0,L27/J27)) | O27: =IF(D27="DOKME",0,IF(H27=0,0,L27/H27)) | P27: =L27*G27 | Q27: =L27*F27 | R27: =IF(K27="",0,M27/1000*K27) | S27: ICE CREAM
A28: 22 | B28: SHOT GLASS | C28: TRANSPARENT | D28: DOKME | E28: 2000 | F28: 0.035 | G28: =E28*3.2/1000 | J28: =IF(OR(H28="",I28=""),0,H28*I28) | L28: 0 | M28: =L28*E28 | N28: =IF(D28="DOKME",0,IF(J28=0,0,L28/J28)) | O28: =IF(D28="DOKME",0,IF(H28=0,0,L28/H28)) | P28: =L28*G28 | Q28: =L28*F28 | R28: =IF(K28="",0,M28/1000*K28) | S28: GLASS
A29: 23 | B29: 95 MM FLAT ICE CREAM SPOON | C29: COLORED (YELLOW/RED/BLACK) | D29: DOKME | E29: 18000 | F29: 0.083 | G29: =E29*1.25/1000 | J29: =IF(OR(H29="",I29=""),0,H29*I29) | L29: 0 | M29: =L29*E29 | N29: =IF(D29="DOKME",0,IF(J29=0,0,L29/J29)) | O29: =IF(D29="DOKME",0,IF(H29=0,0,L29/H29)) | P29: =L29*G29 | Q29: =L29*F29 | R29: =IF(K29="",0,M29/1000*K29) | S29: ICE CREAM
A30: TOPLAM / GRAND TOTAL | L30: =SUM(L7:L29) | M30: =SUM(M7:M29) | N30: =SUM(N7:N29) | P30: =SUM(P7:P29) | Q30: =SUM(Q7:Q29) | R30: =SUM(R7:R29)
A31: *** PALET urunlerinde SIPARIS (KOLI), KOLI/SIRA (H) degerinin KATI olmalidir (1 palet sirasi = 1 tam sira; or. Diamond Fork 12/sira -> 12,24,36,48...). DOKME (palet ustu dokme / bulk) urunlerinde her adet girilebilir, palet olusturmaz, sadece HACME katkida bulunur. Fiyati bilinmeyen ekstra urunlerde FIYAT/1000 hucresi saridir - elle giriniz.

Sheet PALET & TIR OZETI
A1: PALET & TIR OZETI / PALLET & TRUCK SUMMARY
A3: Yarim paletler ONCELIKLE ayni urun ailesi icinde birlestirilir (Diamond'lar Diamond'larla, Premium'lar Premium'larla). DOKME urunler palet olusturmaz; 'palet ustu dokme' olarak mevcut paletlerin ustune yuklenir, sadece hacme katkida bulunur. 'GERCEK PALET' = her ailenin palet-esdegerinin yukari yuvarlanmisi.
A7: DIAMOND CUTLERY | B7: =SUMIFS('SIPARIS - ORDER'!$L$7:$L$29,'SIPARIS - ORDER'!$S$7:$S$29,$I7,'SIPARIS - ORDER'!$D$7:$D$29,"PALET") | C7: =SUMIF('SIPARIS - ORDER'!$S$7:$S$29,$I7,'SIPARIS - ORDER'!$N$7:$N$29) | D7: =INT(C7) | E7: =IF(C7=0,0,CEILING(C7,1)) | F7: =SUMIF('SIPARIS - ORDER'!$S$7:$S$29,$I7,'SIPARIS - ORDER'!$P$7:$P$29) | G7: =SUMIF('SIPARIS - ORDER'!$S$7:$S$29,$I7,'SIPARIS - ORDER'!$Q$7:$Q$29) | I7: DIAMOND
A8: PREMIUM CUTLERY | B8: =SUMIFS('SIPARIS - ORDER'!$L$7:$L$29,'SIPARIS - ORDER'!$S$7:$S$29,$I8,'SIPARIS - ORDER'!$D$7:$D$29,"PALET") | C8: =SUMIF('SIPARIS - ORDER'!$S$7:$S$29,$I8,'SIPARIS - ORDER'!$N$7:$N$29) | D8: =INT(C8) | E8: =IF(C8=0,0,CEILING(C8,1)) | F8: =SUMIF('SIPARIS - ORDER'!$S$7:$S$29,$I8,'SIPARIS - ORDER'!$P$7:$P$29) | G8: =SUMIF('SIPARIS - ORDER'!$S$7:$S$29,$I8,'SIPARIS - ORDER'!$Q$7:$Q$29) | I8: PREMIUM
A9: SMART FORK | B9: =SUMIFS('SIPARIS - ORDER'!$L$7:$L$29,'SIPARIS - ORDER'!$S$7:$S$29,$I9,'SIPARIS - ORDER'!$D$7:$D$29,"PALET") | C9: =SUMIF('SIPARIS - ORDER'!$S$7:$S$29,$I9,'SIPARIS - ORDER'!$N$7:$N$29) | D9: =INT(C9) | E9: =IF(C9=0,0,CEILING(C9,1)) | F9: =SUMIF('SIPARIS - ORDER'!$S$7:$S$29,$I9,'SIPARIS - ORDER'!$P$7:$P$29) | G9: =SUMIF('SIPARIS - ORDER'!$S$7:$S$29,$I9,'SIPARIS - ORDER'!$Q$7:$Q$29) | I9: SMART
A10: ICE CREAM SPOON | B10: =SUMIFS('SIPARIS - ORDER'!$L$7:$L$29,'SIPARIS - ORDER'!$S$7:$S$29,$I10,'SIPARIS - ORDER'!$D$7:$D$29,"PALET") | C10: =SUMIF('SIPARIS - ORDER'!$S$7:$S$29,$I10,'SIPARIS - ORDER'!$N$7:$N$29) | D10: =INT(C10) | E10: =IF(C10=0,0,CEILING(C10,1)) | F10: =SUMIF('SIPARIS - ORDER'!$S$7:$S$29,$I10,'SIPARIS - ORDER'!$P$7:$P$29) | G10: =SUMIF('SIPARIS - ORDER'!$S$7:$S$29,$I10,'SIPARIS - ORDER'!$Q$7:$Q$29) | I10: ICE CREAM
A11: GLASSES / CUPS | B11: =SUMIFS('SIPARIS - ORDER'!$L$7:$L$29,'SIPARIS - ORDER'!$S$7:$S$29,$I11,'SIPARIS - ORDER'!$D$7:$D$29,"PALET") | C11: =SUMIF('SIPARIS - ORDER'!$S$7:$S$29,$I11,'SIPARIS - ORDER'!$N$7:$N$29) | D11: =INT(C11) | E11: =IF(C11=0,0,CEILING(C11,1)) | F11: =SUMIF('SIPARIS - ORDER'!$S$7:$S$29,$I11,'SIPARIS - ORDER'!$P$7:$P$29) | G11: =SUMIF('SIPARIS - ORDER'!$S$7:$S$29,$I11,'SIPARIS - ORDER'!$Q$7:$Q$29) | I11: GLASS
A12: PIZZA TRIPOD | B12: =SUMIFS('SIPARIS - ORDER'!$L$7:$L$29,'SIPARIS - ORDER'!$S$7:$S$29,$I12,'SIPARIS - ORDER'!$D$7:$D$29,"PALET") | C12: =SUMIF('SIPARIS - ORDER'!$S$7:$S$29,$I12,'SIPARIS - ORDER'!$N$7:$N$29) | D12: =INT(C12) | E12: =IF(C12=0,0,CEILING(C12,1)) | F12: =SUMIF('SIPARIS - ORDER'!$S$7:$S$29,$I12,'SIPARIS - ORDER'!$P$7:$P$29) | G12: =SUMIF('SIPARIS - ORDER'!$S$7:$S$29,$I12,'SIPARIS - ORDER'!$Q$7:$Q$29) | I12: PIZZA
A13: PALET USTU DOKME / BULK | B13: =SUMIF('SIPARIS - ORDER'!$D$7:$D$29,"DOKME",'SIPARIS - ORDER'!$L$7:$L$29) | C13: 0 | D13: 0 | E13: 0 | F13: =SUMIF('SIPARIS - ORDER'!$D$7:$D$29,"DOKME",'SIPARIS - ORDER'!$P$7:$P$29) | G13: =SUMIF('SIPARIS - ORDER'!$D$7:$D$29,"DOKME",'SIPARIS - ORDER'!$Q$7:$Q$29)
A14: TOPLAM / GRAND TOTAL | B14: =SUM(B7:B13) | C14: =SUM(C7:C13) | D14: =SUM(D7:D13) | E14: =SUM(E7:E13) | F14: =SUM(F7:F13) | G14: =SUM(G7:G13)
A16: TIR / TRUCK YUKLEME (hacme gore / by volume)
A17: TIR KAPASITESI (m3): | E17: ='SIPARIS - ORDER'!$G$3
A18: TOPLAM SIPARIS HACMI (m3): | E18: =G14
A19: TIR DOLULUK ORANI: | E19: =IF(E17=0,0,G14/E17)
A20: GEREKEN TIR ADEDI: | E20: =IF(E17=0,0,CEILING(G14/E17,1))
A21: SON TIR'DA BOS HACIM (m3): | E21: =IF(E17=0,0,E20*E17-G14)
A23: NOT: TIR dolulugu HACME gore hesaplanir (NAVIPACK standart = 90 m3; cift dorse = 120 m3). DOKME urunlerin hacmi toplama dahildir ancak palet sayisina eklenmez (mevcut paletlerin ustune yuklenir). Farkli aileler yalnizca koli yukseklikleri uyumluysa ayni palette birlestirilebilir. Nihai istifleme fabrikada teyit edilir.

Sheet ACIKLAMA - NOTES
B1: NAVIPACK - SIPARIS & HACIM HESAPLAMA / ORDER & VOLUME CALCULATOR (v3)
B3: NASIL KULLANILIR / HOW TO USE
B4: 1) 'SIPARIS - ORDER' sayfasinda sari 'SIPARIS (KOLI)' sutununu (L) doldurun.
B5: Ustten Musteri, Tarih ve TIR Kapasitesini (varsayilan 90 m3) girin.
B6: 2) Ust bantta KPI: Toplam Hacim, TIR Doluluk %, Gereken TIR adedi, Toplam Tutar.
B7: 3) 'PALET & TIR OZETI' paletleri aile bazinda birlestirir + TIR dolulugunu gosterir.
B9: YUKLEME TIPI: PALET vs DOKME
B10: PALET = paletli yuklenir. SIPARIS, KOLI/SIRA (H) degerinin KATI olmalidir (tam sira).
B11: DOKME = 'palet ustu dokme' / bulk. Serbest adet girilir; palet olusturmaz, sadece HACME
B12: katkida bulunur (mevcut paletlerin ustune / TIR bosluguna yuklenir). Or. 95mm Flat Kasik, Shot Glass.
B14: NEDEN KOLI/SIRA KATLARI?
B15: Bir palet sirasina farkli urun dizilirse koli yukseklikleri farkli olur, palet dengesiz yukselir.
... B35: NAVIPACK Price Offer 20.06.2026 + Volume Calculation 07.07.2026. TIR: standart 90 m3.
